country,AVG_Aroma,AVG_Flavor,AVG_Aftertaste,AVG_Acidity,AVG_Body,AVG_Balance,AVG_Uniformity,AVG_Clean.Cup,AVG_Sweetness,AVG_Moisture,AVG_Quakers,AVG_Category.One.Defects,AVG_Category.Two.Defects,Rec_Cnt,id_x,geometry.type,geometry.coordinates,Country.of.Origin,id_y
Brazil,7.55310606060606,7.573560606060607,7.440530303030303,7.511439393939394,7.544545454545455,7.531515151515151,9.884924242424242,9.853484848484849,9.94939393939394,0.0823484848484848,0.4469696969696969,0.1287878787878787,3.5984848484848486,132,BRA,Polygon,"[[[-57.625133, -30.216295], [-56.2909, -28.852761], [-55.162286, -27.881915], [-54.490725, -27.474757], [-53.648735, -26.923473], [-53.628349, -26.124865], [-54.13005, -25.547639], [-54.625291, -25.739255], [-54.428946, -25.162185], [-54.293476, -24.5708], [-54.29296, -24.021014], [-54.652834, -23.839578], [-55.027902, -24.001274], [-55.400747, -23.956935], [-55.517639, -23.571998], [-55.610683, -22.655619], [-55.797958, -22.35693], [-56.473317, -22.0863], [-56.88151, -22.282154], [-57.937156, -22.090176], [-57.870674, -20.732688], [-58.166392, -20.176701], [-57.853802, -19.969995], [-57.949997, -19.400004], [-57.676009, -18.96184], [-57.498371, -18.174188], [-57.734558, -17.552468], [-58.280804, -17.27171], [-58.388058, -16.877109], [-58.24122, -16.299573], [-60.15839, -16.258284], [-60.542966, -15.09391], [-60.251149, -15.077219], [-60.264326, -14.645979], [-60.459198, -14.354007], [-60.503304, -13.775955], [-61.084121, -13.479384], [-61.713204, -13.489202], [-62.127081, -13.198781], [-62.80306, -13.000653], [-63.196499, -12.627033], [-64.316353, -12.461978], [-65.402281, -11.56627], [-65.321899, -10.895872], [-65.444837, -10.511451], [-65.338435, -9.761988], [-66.646908, -9.931331], [-67.173801, -10.306812], [-68.048192, -10.712059], [-68.271254, -11.014521], [-68.786158, -11.03638], [-69.529678, -10.951734], [-70.093752, -11.123972], [-70.548686, -11.009147], [-70.481894, -9.490118], [-71.302412, -10.079436], [-72.184891, -10.053598], [-72.563033, -9.520194], [-73.226713, -9.462213], [-73.015383, -9.032833], [-73.571059, -8.424447], [-73.987235, -7.52383], [-73.723401, -7.340999], [-73.724487, -6.918595], [-73.120027, -6.629931], [-73.219711, -6.089189], [-72.964507, -5.741251], [-72.891928, -5.274561], [-71.748406, -4.593983], [-70.928843, -4.401591], [-70.794769, -4.251265], [-69.893635, -4.298187], [-69.444102, -1.556287], [-69.420486, -1.122619], [-69.577065, -0.549992], [-70.020656, -0.185156], [-70.015566, 0.541414], [-69.452396, 0.706159], [-69.252434, 0.602651], [-69.218638, 0.985677], [-69.804597, 1.089081], [-69.816973, 1.714805], [-67.868565, 1.692455], [-67.53781, 2.037163], [-67.259998, 1.719999], [-67.065048, 1.130112], [-66.876326, 1.253361], [-66.325765, 0.724452], [-65.548267, 0.789254], [-65.354713, 1.095282], [-64.611012, 1.328731], [-64.199306, 1.492855], [-64.083085, 1.916369], [-63.368788, 2.2009], [-63.422867, 2.411068], [-64.269999, 2.497006], [-64.408828, 3.126786], [-64.368494, 3.79721], [-64.816064, 4.056445], [-64.628659, 4.148481], [-63.888343, 4.02053], [-63.093198, 3.770571], [-62.804533, 4.006965], [-62.08543, 4.162124], [-60.966893, 4.536468], [-60.601179, 4.918098], [-60.733574, 5.200277], [-60.213683, 5.244486], [-59.980959, 5.014061], [-60.111002, 4.574967], [-59.767406, 4.423503], [-59.53804, 3.958803], [-59.815413, 3.606499], [-59.974525, 2.755233], [-59.718546, 2.24963], [-59.646044, 1.786894], [-59.030862, 1.317698], [-58.540013, 1.268088], [-58.429477, 1.463942], [-58.11345, 1.507195], [-57.660971, 1.682585], [-57.335823, 1.948538], [-56.782704, 1.863711], [-56.539386, 1.899523], [-55.995698, 1.817667], [-55.9056, 2.021996], [-56.073342, 2.220795], [-55.973322, 2.510364], [-55.569755, 2.421506], [-55.097587, 2.523748], [-54.524754, 2.311849], [-54.088063, 2.105557], [-53.778521, 2.376703], [-53.554839, 2.334897], [-53.418465, 2.053389], [-52.939657, 2.124858], [-52.556425, 2.504705], [-52.249338, 3.241094], [-51.657797, 4.156232], [-51.317146, 4.203491], [-51.069771, 3.650398], [-50.508875, 1.901564], [-49.974076, 1.736483], [-49.947101, 1.04619], [-50.699251, 0.222984], [-50.388211, -0.078445], [-48.620567, -0.235489], [-48.584497, -1.237805], [-47.824956, -0.581618], [-46.566584, -0.941028], [-44.905703, -1.55174], [-44.417619, -2.13775], [-44.581589, -2.691308], [-43.418791, -2.38311], [-41.472657, -2.912018], [-39.978665, -2.873054], [-38.500383, -3.700652], [-37.223252, -4.820946], [-36.452937, -5.109404], [-35.597796, -5.149504], [-35.235389, -5.464937], [-34.89603, -6.738193], [-34.729993, -7.343221], [-35.128212, -8.996401], [-35.636967, -9.649282], [-37.046519, -11.040721], [-37.683612, -12.171195], [-38.423877, -13.038119], [-38.673887, -13.057652], [-38.953276, -13.79337], [-38.882298, -15.667054], [-39.161092, -17.208407], [-39.267339, -17.867746], [-39.583521, -18.262296], [-39.760823, -19.599113], [-40.774741, -20.904512], [-40.944756, -21.937317], [-41.754164, -22.370676], [-41.988284, -22.97007], [-43.074704, -22.967693], [-44.647812, -23.351959], [-45.352136, -23.796842], [-46.472093, -24.088969], [-47.648972, -24.885199], [-48.495458, -25.877025], [-48.641005, -26.623698], [-48.474736, -27.175912], [-48.66152, -28.186135], [-48.888457, -28.674115], [-49.587329, -29.224469], [-50.696874, -30.984465], [-51.576226, -31.777698], [-52.256081, -32.24537], [-52.7121, -33.196578], [-53.373662, -33.768378], [-53.650544, -33.202004], [-53.209589, -32.727666], [-53.787952, -32.047243], [-54.572452, -31.494511], [-55.60151, -30.853879], [-55.973245, -30.883076], [-56.976026, -30.109686], [-57.625133, -30.216295]]]",Papua New Guinea,PNG
Burundi,7.415,7.46,7.25,7.415,7.29,7.415,10.0,10.0,10.0,0.06,0.0,0.0,2.5,2,BDI,Polygon,"[[[29.339998, -4.499983], [29.276384, -3.293907], [29.024926, -2.839258], [29.632176, -2.917858], [29.938359, -2.348487], [30.469696, -2.413858], [30.527677, -2.807632], [30.743013, -3.034285], [30.752263, -3.35933], [30.50556, -3.568567], [30.116333, -4.090138], [29.753512, -4.452389], [29.339998, -4.499983]]]",Honduras,HND
China,7.64125,7.625625,7.484375,7.578125,7.57375,7.548125,9.958125,9.958125,9.91625,0.094375,0.5,0.0,4.0,16,CHN,MultiPolygon,"[[[[110.339188, 18.678395], [109.47521, 18.197701], [108.655208, 18.507682], [108.626217, 19.367888], [109.119056, 19.821039], [110.211599, 20.101254], [110.786551, 20.077534], [111.010051, 19.69593], [110.570647, 19.255879], [110.339188, 18.678395]]], [[[127.657407, 49.76027], [129.397818, 49.4406], [130.582293, 48.729687], [130.987282, 47.790132], [132.506672, 47.78897], [133.373596, 48.183442], [135.026311, 48.47823], [134.500814, 47.57844], [134.112362, 47.212467], [133.769644, 46.116927], [133.097127, 45.144066], [131.883454, 45.321162], [131.025212, 44.967953], [131.288555, 44.11152], [131.144688, 42.92999], [130.633866, 42.903015], [130.640016, 42.395009], [129.994267, 42.985387], [129.596669, 42.424982], [128.052215, 41.994285], [128.208433, 41.466772], [127.343783, 41.503152], [126.869083, 41.816569], [126.182045, 41.107336], [125.079942, 40.569824], [124.265625, 39.928493], [122.86757, 39.637788], [122.131388, 39.170452], [121.054554, 38.897471], [121.585995, 39.360854], [121.376757, 39.750261], [122.168595, 40.422443], [121.640359, 40.94639], [120.768629, 40.593388], [119.639602, 39.898056], [119.023464, 39.252333], [118.042749, 39.204274], [117.532702, 38.737636], [118.059699, 38.061476], [118.87815, 37.897325], [118.911636, 37.448464], [119.702802, 37.156389], [120.823457, 37.870428], [121.711259, 37.481123], [122.357937, 37.454484], [122.519995, 36.930614], [121.104164, 36.651329], [120.637009, 36.11144], [119.664562, 35.609791], [119.151208, 34.909859], [120.227525, 34.360332], [120.620369, 33.376723], [121.229014, 32.460319], [121.908146, 31.692174], [121.891919, 30.949352], [121.264257, 30.676267], [121.503519, 30.142915], [122.092114, 29.83252], [121.938428, 29.018022], [121.684439, 28.225513], [121.125661, 28.135673], [120.395473, 27.053207], [119.585497, 25.740781], [118.656871, 24.547391], [117.281606, 23.624501], [115.890735, 22.782873], [114.763827, 22.668074], [114.152547, 22.22376], [113.80678, 22.54834], [113.241078, 22.051367], [111.843592, 21.550494], [110.785466, 21.397144], [110.444039, 20.341033], [109.889861, 20.282457], [109.627655, 21.008227], [109.864488, 21.395051], [108.522813, 21.715212], [108.05018, 21.55238], [107.04342, 21.811899], [106.567273, 22.218205], [106.725403, 22.794268], [105.811247, 22.976892], [105.329209, 23.352063], [104.476858, 22.81915], [103.504515, 22.703757], [102.706992, 22.708795], [102.170436, 22.464753], [101.652018, 22.318199], [101.80312, 21.174367], [101.270026, 21.201652], [101.180005, 21.436573], [101.150033, 21.849984], [100.416538, 21.558839], [99.983489, 21.742937], [99.240899, 22.118314], [99.531992, 22.949039], [98.898749, 23.142722], [98.660262, 24.063286], [97.60472, 23.897405], [97.724609, 25.083637], [98.671838, 25.918703], [98.712094, 26.743536], [98.68269, 27.508812], [98.246231, 27.747221], [97.911988, 28.335945], [97.327114, 28.261583], [96.248833, 28.411031], [96.586591, 28.83098], [96.117679, 29.452802], [95.404802, 29.031717], [94.56599, 29.277438], [93.413348, 28.640629], [92.503119, 27.896876], [91.696657, 27.771742], [91.258854, 28.040614], [90.730514, 28.064954], [90.015829, 28.296439], [89.47581, 28.042759], [88.814248, 27.299316], [88.730326, 28.086865], [88.120441, 27.876542], [86.954517, 27.974262], [85.82332, 28.203576], [85.011638, 28.642774], [84.23458, 28.839894], [83.898993, 29.320226], [83.337115, 29.463732], [82.327513, 30.115268], [81.525804, 30.422717], [81.111256, 30.183481], [79.721367, 30.882715], [78.738894, 31.515906], [78.458446, 32.618164], [79.176129, 32.48378], [79.208892, 32.994395], [78.811086, 33.506198], [78.912269, 34.321936], [77.837451, 35.49401], [76.192848, 35.898403], [75.896897, 36.666806], [75.158028, 37.133031], [74.980002, 37.41999], [74.829986, 37.990007], [74.864816, 38.378846], [74.257514, 38.606507], [73.928852, 38.505815], [73.675379, 39.431237], [73.960013, 39.660008], [73.822244, 39.893973], [74.776862, 40.366425], [75.467828, 40.562072], [76.526368, 40.427946], [76.904484, 41.066486], [78.187197, 41.185316], [78.543661, 41.582243], [80.11943, 42.123941], [80.25999, 42.349999], [80.18015, 42.920068], [80.866206, 43.180362], [79.966106, 44.917517], [81.947071, 45.317027], [82.458926, 45.53965], [83.180484, 47.330031], [85.16429, 47.000956], [85.720484, 47.452969], [85.768233, 48.455751], [86.598776, 48.549182], [87.35997, 49.214981], [87.751264, 49.297198], [88.013832, 48.599463], [88.854298, 48.069082], [90.280826, 47.693549], [90.970809, 46.888146], [90.585768, 45.719716], [90.94554, 45.286073], [92.133891, 45.115076], [93.480734, 44.975472], [94.688929, 44.352332], [95.306875, 44.241331], [95.762455, 43.319449], [96.349396, 42.725635], [97.451757, 42.74889], [99.515817, 42.524691], [100.845866, 42.663804], [101.83304, 42.514873], [103.312278, 41.907468], [104.522282, 41.908347], [104.964994, 41.59741], [106.129316, 42.134328], [107.744773, 42.481516], [109.243596, 42.519446], [110.412103, 42.871234], [111.129682, 43.406834], [111.829588, 43.743118], [111.667737, 44.073176], [111.348377, 44.457442], [111.873306, 45.102079], [112.436062, 45.011646], [113.463907, 44.808893], [114.460332, 45.339817], [115.985096, 45.727235], [116.717868, 46.388202], [117.421701, 46.672733], [118.874326, 46.805412], [119.66327, 46.69268], [119.772824, 47.048059], [118.866574, 47.74706], [118.064143, 48.06673], [117.295507, 47.697709], [116.308953, 47.85341], [115.742837, 47.726545], [115.485282, 48.135383], [116.191802, 49.134598], [116.678801, 49.888531], [117.879244, 49.510983], [119.288461, 50.142883], [119.279366, 50.582908], [120.18205, 51.643566], [120.738191, 51.964115], [120.725789, 52.516226], [120.177089, 52.753886], [121.003085, 53.251401], [122.245748, 53.431726], [123.571507, 53.458804], [125.068211, 53.161045], [125.946349, 52.792799], [126.564399, 51.784255], [126.939157, 51.353894], [127.287456, 50.739797], [127.657407, 49.76027]]]]",United States,USA
Colombia,7.653060109289617,7.597103825136612,7.524699453551912,7.56,7.609508196721311,7.708415300546449,9.934426229508198,9.94535519125683,9.952677595628415,0.0620218579234972,0.2076502732240437,0.3770491803278688,1.9398907103825136,183,COL,Polygon,"[[[-75.373223, -0.152032], [-75.801466, 0.084801], [-76.292314, 0.416047], [-76.57638, 0.256936], [-77.424984, 0.395687], [-77.668613, 0.825893], [-77.855061, 0.809925], [-78.855259, 1.380924], [-78.990935, 1.69137], [-78.617831, 1.766404], [-78.662118, 2.267355], [-78.42761, 2.629556], [-77.931543, 2.696606], [-77.510431, 3.325017], [-77.12769, 3.849636], [-77.496272, 4.087606], [-77.307601, 4.667984], [-77.533221, 5.582812], [-77.318815, 5.845354], [-77.476661, 6.691116], [-77.881571, 7.223771], [-77.753414, 7.70984], [-77.431108, 7.638061], [-77.242566, 7.935278], [-77.474723, 8.524286], [-77.353361, 8.670505], [-76.836674, 8.638749], [-76.086384, 9.336821], [-75.6746, 9.443248], [-75.664704, 9.774003], [-75.480426, 10.61899], [-74.906895, 11.083045], [-74.276753, 11.102036], [-74.197223, 11.310473], [-73.414764, 11.227015], [-72.627835, 11.731972], [-72.238195, 11.95555], [-71.75409, 12.437303], [-71.399822, 12.376041], [-71.137461, 12.112982], [-71.331584, 11.776284], [-71.973922, 11.608672], [-72.227575, 11.108702], [-72.614658, 10.821975], [-72.905286, 10.450344], [-73.027604, 9.73677], [-73.304952, 9.152], [-72.78873, 9.085027], [-72.660495, 8.625288], [-72.439862, 8.405275], [-72.360901, 8.002638], [-72.479679, 7.632506], [-72.444487, 7.423785], [-72.198352, 7.340431], [-71.960176, 6.991615], [-70.674234, 7.087785], [-70.093313, 6.960376], [-69.38948, 6.099861], [-68.985319, 6.206805], [-68.265052, 6.153268], [-67.695087, 6.267318], [-67.34144, 6.095468], [-67.521532, 5.55687], [-67.744697, 5.221129], [-67.823012, 4.503937], [-67.621836, 3.839482], [-67.337564, 3.542342], [-67.303173, 3.318454], [-67.809938, 2.820655], [-67.447092, 2.600281], [-67.181294, 2.250638], [-66.876326, 1.253361], [-67.065048, 1.130112], [-67.259998, 1.719999], [-67.53781, 2.037163], [-67.868565, 1.692455], [-69.816973, 1.714805], [-69.804597, 1.089081], [-69.218638, 0.985677], [-69.252434, 0.602651], [-69.452396, 0.706159], [-70.015566, 0.541414], [-70.020656, -0.185156], [-69.577065, -0.549992], [-69.420486, -1.122619], [-69.444102, -1.556287], [-69.893635, -4.298187], [-70.394044, -3.766591], [-70.692682, -3.742872], [-70.047709, -2.725156], [-70.813476, -2.256865], [-71.413646, -2.342802], [-71.774761, -2.16979], [-72.325787, -2.434218], [-73.070392, -2.308954], [-73.659504, -1.260491], [-74.122395, -1.002833], [-74.441601, -0.53082], [-75.106625, -0.057205], [-75.373223, -0.152032]]]",,
Costa Rica,7.671372549019608,7.537254901960784,7.534509803921568,7.57392156862745,7.537450980392157,7.637254901960785,9.856274509803924,9.86921568627451,9.90843137254902,0.0833333333333333,0.1176470588235294,0.3529411764705882,2.823529411764706,51,CRI,Polygon,"[[[-82.965783, 8.225028], [-83.508437, 8.446927], [-83.711474, 8.656836], [-83.596313, 8.830443], [-83.632642, 9.051386], [-83.909886, 9.290803], [-84.303402, 9.487354], [-84.647644, 9.615537], [-84.713351, 9.908052], [-84.97566, 10.086723], [-84.911375, 9.795992], [-85.110923, 9.55704], [-85.339488, 9.834542], [-85.660787, 9.933347], [-85.797445, 10.134886], [-85.791709, 10.439337], [-85.659314, 10.754331], [-85.941725, 10.895278], [-85.71254, 11.088445], [-85.561852, 11.217119], [-84.903003, 10.952303], [-84.673069, 11.082657], [-84.355931, 10.999226], [-84.190179, 10.79345], [-83.895054, 10.726839], [-83.655612, 10.938764], [-83.40232, 10.395438], [-83.015677, 9.992982], [-82.546196, 9.566135], [-82.932891, 9.476812], [-82.927155, 9.07433], [-82.719183, 8.925709], [-82.868657, 8.807266], [-82.829771, 8.626295], [-82.913176, 8.423517], [-82.965783, 8.225028]]]",,
Cote dIvoire,7.42,7.25,6.83,7.0,7.33,7.08,9.33,10.0,10.0,0.13,0.0,1.0,2.0,1,,,,,
Ecuador,7.583333333333333,7.640000000000001,7.553333333333334,7.693333333333332,6.026666666666666,6.97,10.0,10.0,8.723333333333334,0.03,0.0,0.0,0.3333333333333333,3,ECU,Polygon,"[[[-80.302561, -3.404856], [-79.770293, -2.657512], [-79.986559, -2.220794], [-80.368784, -2.685159], [-80.967765, -2.246943], [-80.764806, -1.965048], [-80.933659, -1.057455], [-80.58337, -0.906663], [-80.399325, -0.283703], [-80.020898, 0.36034], [-80.09061, 0.768429], [-79.542762, 0.982938], [-78.855259, 1.380924], [-77.855061, 0.809925], [-77.668613, 0.825893], [-77.424984, 0.395687], [-76.57638, 0.256936], [-76.292314, 0.416047], [-75.801466, 0.084801], [-75.373223, -0.152032], [-75.233723, -0.911417], [-75.544996, -1.56161], [-76.635394, -2.608678], [-77.837905, -3.003021], [-78.450684, -3.873097], [-78.639897, -4.547784], [-79.205289, -4.959129], [-79.624979, -4.454198], [-80.028908, -4.346091], [-80.442242, -4.425724], [-80.469295, -4.059287], [-80.184015, -3.821162], [-80.302561, -3.404856]]]",,
El Salvador,7.674761904761904,7.654285714285715,7.567142857142857,7.590476190476191,7.606666666666667,7.711428571428572,9.936190476190475,9.936190476190475,9.808571428571428,0.0457142857142857,0.0952380952380952,0.1428571428571428,3.571428571428572,21,SLV,Polygon,"[[[-87.793111, 13.38448], [-87.904112, 13.149017], [-88.483302, 13.163951], [-88.843228, 13.259734], [-89.256743, 13.458533], [-89.812394, 13.520622], [-90.095555, 13.735338], [-90.064678, 13.88197], [-89.721934, 14.134228], [-89.534219, 14.244816], [-89.587343, 14.362586], [-89.353326, 14.424133], [-89.058512, 14.340029], [-88.843073, 14.140507], [-88.541231, 13.980155], [-88.503998, 13.845486], [-88.065343, 13.964626], [-87.859515, 13.893312], [-87.723503, 13.78505], [-87.793111, 13.38448]]]",,
Ethiopia,7.896363636363636,8.009090909090908,7.893863636363636,8.043636363636365,7.92409090909091,7.972272727272727,9.87840909090909,9.954318181818184,9.86340909090909,0.0829545454545454,0.3636363636363636,0.25,5.159090909090909,44,ETH,Polygon,"[[[37.90607, 14.95943], [38.51295, 14.50547], [39.0994, 14.74064], [39.34061, 14.53155], [40.02625, 14.51959], [40.8966, 14.11864], [41.1552, 13.77333], [41.59856, 13.45209], [42.00975, 12.86582], [42.35156, 12.54223], [42, 12.1], [41.66176, 11.6312], [41.73959, 11.35511], [41.75557, 11.05091], [42.31414, 11.0342], [42.55493, 11.10511], [42.776852, 10.926879], [42.55876, 10.57258], [42.92812, 10.02194], [43.29699, 9.54048], [43.67875, 9.18358], [46.94834, 7.99688], [47.78942, 8.003], [44.9636, 5.00162], [43.66087, 4.95755], [42.76967, 4.25259], [42.12861, 4.23413], [41.855083, 3.918912], [41.1718, 3.91909], [40.76848, 4.25702], [39.85494, 3.83879], [39.559384, 3.42206], [38.89251, 3.50074], [38.67114, 3.61607], [38.43697, 3.58851], [38.120915, 3.598605], [36.855093, 4.447864], [36.159079, 4.447864], [35.817448, 4.776966], [35.817448, 5.338232], [35.298007, 5.506], [34.70702, 6.59422], [34.25032, 6.82607], [34.0751, 7.22595], [33.56829, 7.71334], [32.95418, 7.78497], [33.2948, 8.35458], [33.8255, 8.37916], [33.97498, 8.68456], [33.96162, 9.58358], [34.25745, 10.63009], [34.73115, 10.91017], [34.83163, 11.31896], [35.26049, 12.08286], [35.86363, 12.57828], [36.27022, 13.56333], [36.42951, 14.42211], [37.59377, 14.2131], [37.90607, 14.95943]]]",,
Guatemala,7.544861878453038,7.489005524861878,7.2668508287292815,7.596408839779006,7.475745856353591,7.469889502762431,9.852486187845304,9.889337016574586,9.870883977900553,0.1022651933701657,0.2762430939226519,0.1878453038674033,3.4198895027624308,181,GTM,Polygon,"[[[-90.095555, 13.735338], [-90.608624, 13.909771], [-91.23241, 13.927832], [-91.689747, 14.126218], [-92.22775, 14.538829], [-92.20323, 14.830103], [-92.087216, 15.064585], [-92.229249, 15.251447], [-91.74796, 16.066565], [-90.464473, 16.069562], [-90.438867, 16.41011], [-90.600847, 16.470778], [-90.711822, 16.687483], [-91.08167, 16.918477], [-91.453921, 17.252177], [-91.002269, 17.254658], [-91.00152, 17.817595], [-90.067934, 17.819326], [-89.14308, 17.808319], [-89.150806, 17.015577], [-89.229122, 15.886938], [-88.930613, 15.887273], [-88.604586, 15.70638], [-88.518364, 15.855389], [-88.225023, 15.727722], [-88.68068, 15.346247], [-89.154811, 15.066419], [-89.22522, 14.874286], [-89.145535, 14.678019], [-89.353326, 14.424133], [-89.587343, 14.362586], [-89.534219, 14.244816], [-89.721934, 14.134228], [-90.064678, 13.88197], [-90.095555, 13.735338]]]",,
Haiti,7.153333333333333,6.998333333333334,7.111666666666667,7.126666666666666,7.276666666666666,7.056666666666668,9.776666666666666,8.555,9.111666666666666,0.11,0.0,1.5,3.5,6,HTI,Polygon,"[[[-73.189791, 19.915684], [-72.579673, 19.871501], [-71.712361, 19.714456], [-71.624873, 19.169838], [-71.701303, 18.785417], [-71.945112, 18.6169], [-71.687738, 18.31666], [-71.708305, 18.044997], [-72.372476, 18.214961], [-72.844411, 18.145611], [-73.454555, 18.217906], [-73.922433, 18.030993], [-74.458034, 18.34255], [-74.369925, 18.664908], [-73.449542, 18.526053], [-72.694937, 18.445799], [-72.334882, 18.668422], [-72.79165, 19.101625], [-72.784105, 19.483591], [-73.415022, 19.639551], [-73.189791, 19.915684]]]",,
Honduras,7.292452830188679,7.234150943396226,7.061509433962264,7.233584905660377,7.239245283018868,7.163962264150944,9.647735849056604,9.635283018867923,9.660377358490566,0.1077358490566037,0.1886792452830188,0.0566037735849056,3.5660377358490565,53,HND,Polygon,"[[[-87.316654, 12.984686], [-87.489409, 13.297535], [-87.793111, 13.38448], [-87.723503, 13.78505], [-87.859515, 13.893312], [-88.065343, 13.964626], [-88.503998, 13.845486], [-88.541231, 13.980155], [-88.843073, 14.140507], [-89.058512, 14.340029], [-89.353326, 14.424133], [-89.145535, 14.678019], [-89.22522, 14.874286], [-89.154811, 15.066419], [-88.68068, 15.346247], [-88.225023, 15.727722], [-88.121153, 15.688655], [-87.901813, 15.864458], [-87.61568, 15.878799], [-87.522921, 15.797279], [-87.367762, 15.84694], [-86.903191, 15.756713], [-86.440946, 15.782835], [-86.119234, 15.893449], [-86.001954, 16.005406], [-85.683317, 15.953652], [-85.444004, 15.885749], [-85.182444, 15.909158], [-84.983722, 15.995923], [-84.52698, 15.857224], [-84.368256, 15.835158], [-84.063055, 15.648244], [-83.773977, 15.424072], [-83.410381, 15.270903], [-83.147219, 14.995829], [-83.489989, 15.016267], [-83.628585, 14.880074], [-83.975721, 14.749436], [-84.228342, 14.748764], [-84.449336, 14.621614], [-84.649582, 14.666805], [-84.820037, 14.819587], [-84.924501, 14.790493], [-85.052787, 14.551541], [-85.148751, 14.560197], [-85.165365, 14.35437], [-85.514413, 14.079012], [-85.698665, 13.960078], [-85.801295, 13.836055], [-86.096264, 14.038187], [-86.312142, 13.771356], [-86.520708, 13.778487], [-86.755087, 13.754845], [-86.733822, 13.263093], [-86.880557, 13.254204], [-87.005769, 13.025794], [-87.316654, 12.984686]]]",,
India,7.697857142857143,7.618571428571428,7.566428571428572,7.636428571428572,7.661428571428572,7.672857142857143,9.904285714285717,9.952142857142858,7.619285714285715,0.0378571428571428,0.5,1.4285714285714286,0.3571428571428571,14,IND,Polygon,"[[[77.837451, 35.49401], [78.912269, 34.321936], [78.811086, 33.506198], [79.208892, 32.994395], [79.176129, 32.48378], [78.458446, 32.618164], [78.738894, 31.515906], [79.721367, 30.882715], [81.111256, 30.183481], [80.476721, 29.729865], [80.088425, 28.79447], [81.057203, 28.416095], [81.999987, 27.925479], [83.304249, 27.364506], [84.675018, 27.234901], [85.251779, 26.726198], [86.024393, 26.630985], [87.227472, 26.397898], [88.060238, 26.414615], [88.174804, 26.810405], [88.043133, 27.445819], [88.120441, 27.876542], [88.730326, 28.086865], [88.814248, 27.299316], [88.835643, 27.098966], [89.744528, 26.719403], [90.373275, 26.875724], [91.217513, 26.808648], [92.033484, 26.83831], [92.103712, 27.452614], [91.696657, 27.771742], [92.503119, 27.896876], [93.413348, 28.640629], [94.56599, 29.277438], [95.404802, 29.031717], [96.117679, 29.452802], [96.586591, 28.83098], [96.248833, 28.411031], [97.327114, 28.261583], [97.402561, 27.882536], [97.051989, 27.699059], [97.133999, 27.083774], [96.419366, 27.264589], [95.124768, 26.573572], [95.155153, 26.001307], [94.603249, 25.162495], [94.552658, 24.675238], [94.106742, 23.850741], [93.325188, 24.078556], [93.286327, 23.043658], [93.060294, 22.703111], [93.166128, 22.27846], [92.672721, 22.041239], [92.146035, 23.627499], [91.869928, 23.624346], [91.706475, 22.985264], [91.158963, 23.503527], [91.46773, 24.072639], [91.915093, 24.130414], [92.376202, 24.976693], [91.799596, 25.147432], [90.872211, 25.132601], [89.920693, 25.26975], [89.832481, 25.965082], [89.355094, 26.014407], [88.563049, 26.446526], [88.209789, 25.768066], [88.931554, 25.238692], [88.306373, 24.866079], [88.084422, 24.501657], [88.69994, 24.233715], [88.52977, 23.631142], [88.876312, 22.879146], [89.031961, 22.055708], [88.888766, 21.690588], [88.208497, 21.703172], [86.975704, 21.495562], [87.033169, 20.743308], [86.499351, 20.151638], [85.060266, 19.478579], [83.941006, 18.30201], [83.189217, 17.671221], [82.192792, 17.016636], [82.191242, 16.556664], [81.692719, 16.310219], [80.791999, 15.951972], [80.324896, 15.899185], [80.025069, 15.136415], [80.233274, 13.835771], [80.286294, 13.006261], [79.862547, 12.056215], [79.857999, 10.357275], [79.340512, 10.308854], [78.885345, 9.546136], [79.18972, 9.216544], [78.277941, 8.933047], [77.941165, 8.252959], [77.539898, 7.965535], [76.592979, 8.899276], [76.130061, 10.29963], [75.746467, 11.308251], [75.396101, 11.781245], [74.864816, 12.741936], [74.616717, 13.992583], [74.443859, 14.617222], [73.534199, 15.990652], [73.119909, 17.92857], [72.820909, 19.208234], [72.824475, 20.419503], [72.630533, 21.356009], [71.175273, 20.757441], [70.470459, 20.877331], [69.16413, 22.089298], [69.644928, 22.450775], [69.349597, 22.84318], [68.176645, 23.691965], [68.842599, 24.359134], [71.04324, 24.356524], [70.844699, 25.215102], [70.282873, 25.722229], [70.168927, 26.491872], [69.514393, 26.940966], [70.616496, 27.989196], [71.777666, 27.91318], [72.823752, 28.961592], [73.450638, 29.976413], [74.42138, 30.979815], [74.405929, 31.692639], [75.258642, 32.271105], [74.451559, 32.7649], [74.104294, 33.441473], [73.749948, 34.317699], [74.240203, 34.748887], [75.757061, 34.504923], [76.871722, 34.653544], [77.837451, 35.49401]]]",,
Indonesia,7.648999999999999,7.573,7.4155,7.491,7.6315,7.52,9.933,9.9665,9.9665,0.0985,0.05,0.3,4.2,20,IDN,MultiPolygon,"[[[[120.715609, -10.239581], [120.295014, -10.25865], [118.967808, -9.557969], [119.90031, -9.36134], [120.425756, -9.665921], [120.775502, -9.969675], [120.715609, -10.239581]]], [[[124.43595, -10.140001], [123.579982, -10.359987], [123.459989, -10.239995], [123.550009, -9.900016], [123.980009, -9.290027], [124.968682, -8.89279], [125.07002, -9.089987], [125.08852, -9.393173], [124.43595, -10.140001]]], [[[117.900018, -8.095681], [118.260616, -8.362383], [118.87846, -8.280683], [119.126507, -8.705825], [117.970402, -8.906639], [117.277731, -9.040895], [116.740141, -9.032937], [117.083737, -8.457158], [117.632024, -8.449303], [117.900018, -8.095681]]], [[[122.903537, -8.094234], [122.756983, -8.649808], [121.254491, -8.933666], [119.924391, -8.810418], [119.920929, -8.444859], [120.715092, -8.236965], [121.341669, -8.53674], [122.007365, -8.46062], [122.903537, -8.094234]]], [[[108.623479, -6.777674], [110.539227, -6.877358], [110.759576, -6.465186], [112.614811, -6.946036], [112.978768, -7.594213], [114.478935, -7.776528], [115.705527, -8.370807], [114.564511, -8.751817], [113.464734, -8.348947], [112.559672, -8.376181], [111.522061, -8.302129], [110.58615, -8.122605], [109.427667, -7.740664], [108.693655, -7.6416], [108.277763, -7.766657], [106.454102, -7.3549], [106.280624, -6.9249], [105.365486, -6.851416], [106.051646, -5.895919], [107.265009, -5.954985], [108.072091, -6.345762], [108.486846, -6.421985], [108.623479, -6.777674]]], [[[134.724624, -6.214401], [134.210134, -6.895238], [134.112776, -6.142467], [134.290336, -5.783058], [134.499625, -5.445042], [134.727002, -5.737582], [134.724624, -6.214401]]], [[[127.249215, -3.459065], [126.874923, -3.790983], [126.183802, -3.607376], [125.989034, -3.177273], [127.000651, -3.129318], [127.249215, -3.459065]]], [[[130.471344, -3.093764], [130.834836, -3.858472], [129.990547, -3.446301], [129.155249, -3.362637], [128.590684, -3.428679], [127.898891, -3.393436], [128.135879, -2.84365], [129.370998, -2.802154], [130.471344, -3.093764]]], [[[134.143368, -1.151867], [134.422627, -2.769185], [135.457603, -3.367753], [136.293314, -2.307042], [137.440738, -1.703513], [138.329727, -1.702686], [139.184921, -2.051296], [139.926684, -2.409052], [141.00021, -2.600151], [141.017057, -5.859022], [141.033852, -9.117893], [140.143415, -8.297168], [139.127767, -8.096043], [138.881477, -8.380935], [137.614474, -8.411683], [138.039099, -7.597882], [138.668621, -7.320225], [138.407914, -6.232849], [137.92784, -5.393366], [135.98925, -4.546544], [135.164598, -4.462931], [133.66288, -3.538853], [133.367705, -4.024819], [132.983956, -4.112979], [132.756941, -3.746283], [132.753789, -3.311787], [131.989804, -2.820551], [133.066845, -2.460418], [133.780031, -2.479848], [133.696212, -2.214542], [132.232373, -2.212526], [131.836222, -1.617162], [130.94284, -1.432522], [130.519558, -0.93772], [131.867538, -0.695461], [132.380116, -0.369538], [133.985548, -0.78021], [134.143368, -1.151867]]], [[[125.240501, 1.419836], [124.437035, 0.427881], [123.685505, 0.235593], [122.723083, 0.431137], [121.056725, 0.381217], [120.183083, 0.237247], [120.04087, -0.519658], [120.935905, -1.408906], [121.475821, -0.955962], [123.340565, -0.615673], [123.258399, -1.076213], [122.822715, -0.930951], [122.38853, -1.516858], [121.508274, -1.904483], [122.454572, -3.186058], [122.271896, -3.5295], [123.170963, -4.683693], [123.162333, -5.340604], [122.628515, -5.634591], [122.236394, -5.282933], [122.719569, -4.464172], [121.738234, -4.851331], [121.489463, -4.574553], [121.619171, -4.188478], [120.898182, -3.602105], [120.972389, -2.627643], [120.305453, -2.931604], [120.390047, -4.097579], [120.430717, -5.528241], [119.796543, -5.6734], [119.366906, -5.379878], [119.653606, -4.459417], [119.498835, -3.494412], [119.078344, -3.487022], [118.767769, -2.801999], [119.180974, -2.147104], [119.323394, -1.353147], [119.825999, 0.154254], [120.035702, 0.566477], [120.885779, 1.309223], [121.666817, 1.013944], [122.927567, 0.875192], [124.077522, 0.917102], [125.065989, 1.643259], [125.240501, 1.419836]]], [[[128.688249, 1.132386], [128.635952, 0.258486], [128.12017, 0.356413], [127.968034, -0.252077], [128.379999, -0.780004], [128.100016, -0.899996], [127.696475, -0.266598], [127.39949, 1.011722], [127.600512, 1.810691], [127.932378, 2.174596], [128.004156, 1.628531], [128.594559, 1.540811], [128.688249, 1.132386]]], [[[117.875627, 1.827641], [118.996747, 0.902219], [117.811858, 0.784242], [117.478339, 0.102475], [117.521644, -0.803723], [116.560048, -1.487661], [116.533797, -2.483517], [116.148084, -4.012726], [116.000858, -3.657037], [114.864803, -4.106984], [114.468652, -3.495704], [113.755672, -3.43917], [113.256994, -3.118776], [112.068126, -3.478392], [111.703291, -2.994442], [111.04824, -3.049426], [110.223846, -2.934032], [110.070936, -1.592874], [109.571948, -1.314907], [109.091874, -0.459507], [108.952658, 0.415375], [109.069136, 1.341934], [109.66326, 2.006467], [109.830227, 1.338136], [110.514061, 0.773131], [111.159138, 0.976478], [111.797548, 0.904441], [112.380252, 1.410121], [112.859809, 1.49779], [113.80585, 1.217549], [114.621355, 1.430688], [115.134037, 2.821482], [115.519078, 3.169238], [115.865517, 4.306559], [117.015214, 4.306094], [117.882035, 4.137551], [117.313232, 3.234428], [118.04833, 2.28769], [117.875627, 1.827641]]], [[[105.817655, -5.852356], [104.710384, -5.873285], [103.868213, -5.037315], [102.584261, -4.220259], [102.156173, -3.614146], [101.399113, -2.799777], [100.902503, -2.050262], [100.141981, -0.650348], [99.26374, 0.183142], [98.970011, 1.042882], [98.601351, 1.823507], [97.699598, 2.453184], [97.176942, 3.308791], [96.424017, 3.86886], [95.380876, 4.970782], [95.293026, 5.479821], [95.936863, 5.439513], [97.484882, 5.246321], [98.369169, 4.26837], [99.142559, 3.59035], [99.693998, 3.174329], [100.641434, 2.099381], [101.658012, 2.083697], [102.498271, 1.3987], [103.07684, 0.561361], [103.838396, 0.104542], [103.437645, -0.711946], [104.010789, -1.059212], [104.369991, -1.084843], [104.53949, -1.782372], [104.887893, -2.340425], [105.622111, -2.428844], [106.108593, -3.061777], [105.857446, -4.305525], [105.817655, -5.852356]]]]",,
Japan,7.75,7.75,7.75,7.42,8.08,7.83,10.0,10.0,10.0,0.12,0.0,0.0,0.0,1,JPN,MultiPolygon,"[[[[134.638428, 34.149234], [134.766379, 33.806335], [134.203416, 33.201178], [133.79295, 33.521985], [133.280268, 33.28957], [133.014858, 32.704567], [132.363115, 32.989382], [132.371176, 33.463642], [132.924373, 34.060299], [133.492968, 33.944621], [133.904106, 34.364931], [134.638428, 34.149234]]], [[[140.976388, 37.142074], [140.59977, 36.343983], [140.774074, 35.842877], [140.253279, 35.138114], [138.975528, 34.6676], [137.217599, 34.606286], [135.792983, 33.464805], [135.120983, 33.849071], [135.079435, 34.596545], [133.340316, 34.375938], [132.156771, 33.904933], [130.986145, 33.885761], [132.000036, 33.149992], [131.33279, 31.450355], [130.686318, 31.029579], [130.20242, 31.418238], [130.447676, 32.319475], [129.814692, 32.61031], [129.408463, 33.296056], [130.353935, 33.604151], [130.878451, 34.232743], [131.884229, 34.749714], [132.617673, 35.433393], [134.608301, 35.731618], [135.677538, 35.527134], [136.723831, 37.304984], [137.390612, 36.827391], [138.857602, 37.827485], [139.426405, 38.215962], [140.05479, 39.438807], [139.883379, 40.563312], [140.305783, 41.195005], [141.368973, 41.37856], [141.914263, 39.991616], [141.884601, 39.180865], [140.959489, 38.174001], [140.976388, 37.142074]]], [[[143.910162, 44.1741], [144.613427, 43.960883], [145.320825, 44.384733], [145.543137, 43.262088], [144.059662, 42.988358], [143.18385, 41.995215], [141.611491, 42.678791], [141.067286, 41.584594], [139.955106, 41.569556], [139.817544, 42.563759], [140.312087, 43.333273], [141.380549, 43.388825], [141.671952, 44.772125], [141.967645, 45.551483], [143.14287, 44.510358], [143.910162, 44.1741]]]]",,
Kenya,7.786799999999999,7.7824,7.7132,7.866,7.7264,7.8004,9.9732,9.9732,9.9732,0.08,0.24,0.04,2.52,25,KEN,Polygon,"[[[40.993, -0.85829], [41.58513, -1.68325], [40.88477, -2.08255], [40.63785, -2.49979], [40.26304, -2.57309], [40.12119, -3.27768], [39.80006, -3.68116], [39.60489, -4.34653], [39.20222, -4.67677], [37.7669, -3.67712], [37.69869, -3.09699], [34.07262, -1.05982], [33.903711, -0.95], [33.893569, 0.109814], [34.18, 0.515], [34.6721, 1.17694], [35.03599, 1.90584], [34.59607, 3.05374], [34.47913, 3.5556], [34.005, 4.249885], [34.620196, 4.847123], [35.298007, 5.506], [35.817448, 5.338232], [35.817448, 4.776966], [36.159079, 4.447864], [36.855093, 4.447864], [38.120915, 3.598605], [38.43697, 3.58851], [38.67114, 3.61607], [38.89251, 3.50074], [39.559384, 3.42206], [39.85494, 3.83879], [40.76848, 4.25702], [41.1718, 3.91909], [41.855083, 3.918912], [40.98105, 2.78452], [40.993, -0.85829]]]",,
Laos,7.503333333333333,7.5,7.28,7.3066666666666675,7.363333333333333,7.416666666666667,10.0,10.0,10.0,0.0833333333333333,0.0,0.0,0.0,3,LAO,Polygon,"[[[105.218777, 14.273212], [105.544338, 14.723934], [105.589039, 15.570316], [104.779321, 16.441865], [104.716947, 17.428859], [103.956477, 18.240954], [103.200192, 18.309632], [102.998706, 17.961695], [102.413005, 17.932782], [102.113592, 18.109102], [101.059548, 17.512497], [101.035931, 18.408928], [101.282015, 19.462585], [100.606294, 19.508344], [100.548881, 20.109238], [100.115988, 20.41785], [100.329101, 20.786122], [101.180005, 21.436573], [101.270026, 21.201652], [101.80312, 21.174367], [101.652018, 22.318199], [102.170436, 22.464753], [102.754896, 21.675137], [103.203861, 20.766562], [104.435, 20.758733], [104.822574, 19.886642], [104.183388, 19.624668], [103.896532, 19.265181], [105.094598, 18.666975], [105.925762, 17.485315], [106.556008, 16.604284], [107.312706, 15.908538], [107.564525, 15.202173], [107.382727, 14.202441], [106.496373, 14.570584], [106.043946, 13.881091], [105.218777, 14.273212]]]",,
Malawi,7.5672727272727265,7.387272727272728,7.257272727272727,7.408181818181817,7.338181818181818,7.371818181818182,10.0,10.0,10.0,0.1245454545454545,0.0,0.0,1.3636363636363635,11,MWI,Polygon,"[[[34.559989, -11.52002], [34.280006, -12.280025], [34.559989, -13.579998], [34.907151, -13.565425], [35.267956, -13.887834], [35.686845, -14.611046], [35.771905, -15.896859], [35.339063, -16.10744], [35.03381, -16.8013], [34.381292, -16.18356], [34.307291, -15.478641], [34.517666, -15.013709], [34.459633, -14.61301], [34.064825, -14.35995], [33.7897, -14.451831], [33.214025, -13.97186], [32.688165, -13.712858], [32.991764, -12.783871], [33.306422, -12.435778], [33.114289, -11.607198], [33.31531, -10.79655], [33.485688, -10.525559], [33.231388, -9.676722], [32.759375, -9.230599], [33.739729, -9.417151], [33.940838, -9.693674], [34.280006, -10.16], [34.559989, -11.52002]]]",,
Mauritius,7.25,7.25,7.17,7.17,7.25,7.17,10.0,10.0,10.0,0.12,0.0,0.0,0.0,1,MUS,,,,
Mexico,7.457584745762712,7.379025423728813,7.228050847457627,7.428347457627118,7.380466101694915,7.328686440677965,9.74406779661017,9.65813559322034,9.97177966101695,0.1136016949152542,0.0381355932203389,0.8432203389830508,6.779661016949152,236,MEX,Polygon,"[[[-97.140008, 25.869997], [-97.528072, 24.992144], [-97.702946, 24.272343], [-97.776042, 22.93258], [-97.872367, 22.444212], [-97.699044, 21.898689], [-97.38896, 21.411019], [-97.189333, 20.635433], [-96.525576, 19.890931], [-96.292127, 19.320371], [-95.900885, 18.828024], [-94.839063, 18.562717], [-94.42573, 18.144371], [-93.548651, 18.423837], [-92.786114, 18.524839], [-92.037348, 18.704569], [-91.407903, 18.876083], [-90.77187, 19.28412], [-90.53359, 19.867418], [-90.451476, 20.707522], [-90.278618, 20.999855], [-89.601321, 21.261726], [-88.543866, 21.493675], [-87.658417, 21.458846], [-87.05189, 21.543543], [-86.811982, 21.331515], [-86.845908, 20.849865], [-87.383291, 20.255405], [-87.621054, 19.646553], [-87.43675, 19.472403], [-87.58656, 19.04013], [-87.837191, 18.259816], [-88.090664, 18.516648], [-88.300031, 18.499982], [-88.490123, 18.486831], [-88.848344, 17.883198], [-89.029857, 18.001511], [-89.150909, 17.955468], [-89.14308, 17.808319], [-90.067934, 17.819326], [-91.00152, 17.817595], [-91.002269, 17.254658], [-91.453921, 17.252177], [-91.08167, 16.918477], [-90.711822, 16.687483], [-90.600847, 16.470778], [-90.438867, 16.41011], [-90.464473, 16.069562], [-91.74796, 16.066565], [-92.229249, 15.251447], [-92.087216, 15.064585], [-92.20323, 14.830103], [-92.22775, 14.538829], [-93.359464, 15.61543], [-93.875169, 15.940164], [-94.691656, 16.200975], [-95.250227, 16.128318], [-96.053382, 15.752088], [-96.557434, 15.653515], [-97.263592, 15.917065], [-98.01303, 16.107312], [-98.947676, 16.566043], [-99.697397, 16.706164], [-100.829499, 17.171071], [-101.666089, 17.649026], [-101.918528, 17.91609], [-102.478132, 17.975751], [-103.50099, 18.292295], [-103.917527, 18.748572], [-104.99201, 19.316134], [-105.493038, 19.946767], [-105.731396, 20.434102], [-105.397773, 20.531719], [-105.500661, 20.816895], [-105.270752, 21.076285], [-105.265817, 21.422104], [-105.603161, 21.871146], [-105.693414, 22.26908], [-106.028716, 22.773752], [-106.90998, 23.767774], [-107.915449, 24.548915], [-108.401905, 25.172314], [-109.260199, 25.580609], [-109.444089, 25.824884], [-109.291644, 26.442934], [-109.801458, 26.676176], [-110.391732, 27.162115], [-110.641019, 27.859876], [-111.178919, 27.941241], [-111.759607, 28.467953], [-112.228235, 28.954409], [-112.271824, 29.266844], [-112.809594, 30.021114], [-113.163811, 30.786881], [-113.148669, 31.170966], [-113.871881, 31.567608], [-114.205737, 31.524045], [-114.776451, 31.799532], [-114.9367, 31.393485], [-114.771232, 30.913617], [-114.673899, 30.162681], [-114.330974, 29.750432], [-113.588875, 29.061611], [-113.424053, 28.826174], [-113.271969, 28.754783], [-113.140039, 28.411289], [-112.962298, 28.42519], [-112.761587, 27.780217], [-112.457911, 27.525814], [-112.244952, 27.171727], [-111.616489, 26.662817], [-111.284675, 25.73259], [-110.987819, 25.294606], [-110.710007, 24.826004], [-110.655049, 24.298595], [-110.172856, 24.265548], [-109.771847, 23.811183], [-109.409104, 23.364672], [-109.433392, 23.185588], [-109.854219, 22.818272], [-110.031392, 22.823078], [-110.295071, 23.430973], [-110.949501, 24.000964], [-111.670568, 24.484423], [-112.182036, 24.738413], [-112.148989, 25.470125], [-112.300711, 26.012004], [-112.777297, 26.32196], [-113.464671, 26.768186], [-113.59673, 26.63946], [-113.848937, 26.900064], [-114.465747, 27.14209], [-115.055142, 27.722727], [-114.982253, 27.7982], [-114.570366, 27.741485], [-114.199329, 28.115003], [-114.162018, 28.566112], [-114.931842, 29.279479], [-115.518654, 29.556362], [-115.887365, 30.180794], [-116.25835, 30.836464], [-116.721526, 31.635744], [-117.12776, 32.53534], [-115.99135, 32.61239], [-114.72139, 32.72083], [-114.815, 32.52528], [-113.30498, 32.03914], [-111.02361, 31.33472], [-109.035, 31.34194], [-108.24194, 31.34222], [-108.24, 31.754854], [-106.50759, 31.75452], [-106.1429, 31.39995], [-105.63159, 31.08383], [-105.03737, 30.64402], [-104.70575, 30.12173], [-104.45697, 29.57196], [-103.94, 29.27], [-103.11, 28.97], [-102.48, 29.76], [-101.6624, 29.7793], [-100.9576, 29.38071], [-100.45584, 28.69612], [-100.11, 28.11], [-99.52, 27.54], [-99.3, 26.84], [-99.02, 26.37], [-98.24, 26.06], [-97.53, 25.84], [-97.140008, 25.869997]]]",,
Myanmar,7.30375,7.3325,7.125,7.40625,7.27,7.13375,10.0,10.0,10.0,0.01375,0.0,0.125,5.75,8,MMR,Polygon,"[[[99.543309, 20.186598], [98.959676, 19.752981], [98.253724, 19.708203], [97.797783, 18.62708], [97.375896, 18.445438], [97.859123, 17.567946], [98.493761, 16.837836], [98.903348, 16.177824], [98.537376, 15.308497], [98.192074, 15.123703], [98.430819, 14.622028], [99.097755, 13.827503], [99.212012, 13.269294], [99.196354, 12.804748], [99.587286, 11.892763], [99.038121, 10.960546], [98.553551, 9.93296], [98.457174, 10.675266], [98.764546, 11.441292], [98.428339, 12.032987], [98.509574, 13.122378], [98.103604, 13.64046], [97.777732, 14.837286], [97.597072, 16.100568], [97.16454, 16.928734], [96.505769, 16.427241], [95.369352, 15.71439], [94.808405, 15.803454], [94.188804, 16.037936], [94.533486, 17.27724], [94.324817, 18.213514], [93.540988, 19.366493], [93.663255, 19.726962], [93.078278, 19.855145], [92.368554, 20.670883], [92.303234, 21.475485], [92.652257, 21.324048], [92.672721, 22.041239], [93.166128, 22.27846], [93.060294, 22.703111], [93.286327, 23.043658], [93.325188, 24.078556], [94.106742, 23.850741], [94.552658, 24.675238], [94.603249, 25.162495], [95.155153, 26.001307], [95.124768, 26.573572], [96.419366, 27.264589], [97.133999, 27.083774], [97.051989, 27.699059], [97.402561, 27.882536], [97.327114, 28.261583], [97.911988, 28.335945], [98.246231, 27.747221], [98.68269, 27.508812], [98.712094, 26.743536], [98.671838, 25.918703], [97.724609, 25.083637], [97.60472, 23.897405], [98.660262, 24.063286], [98.898749, 23.142722], [99.531992, 22.949039], [99.240899, 22.118314], [99.983489, 21.742937], [100.416538, 21.558839], [101.150033, 21.849984], [101.180005, 21.436573], [100.329101, 20.786122], [100.115988, 20.41785], [99.543309, 20.186598]]]",,
Nicaragua,7.32923076923077,7.316923076923077,7.201923076923077,7.266538461538461,7.40076923076923,7.278461538461538,9.794615384615383,9.76923076923077,9.820384615384617,0.1076923076923076,0.3076923076923077,0.2692307692307692,2.769230769230769,26,NIC,Polygon,"[[[-85.71254, 11.088445], [-86.058488, 11.403439], [-86.52585, 11.806877], [-86.745992, 12.143962], [-87.167516, 12.458258], [-87.668493, 12.90991], [-87.557467, 13.064552], [-87.392386, 12.914018], [-87.316654, 12.984686], [-87.005769, 13.025794], [-86.880557, 13.254204], [-86.733822, 13.263093], [-86.755087, 13.754845], [-86.520708, 13.778487], [-86.312142, 13.771356], [-86.096264, 14.038187], [-85.801295, 13.836055], [-85.698665, 13.960078], [-85.514413, 14.079012], [-85.165365, 14.35437], [-85.148751, 14.560197], [-85.052787, 14.551541], [-84.924501, 14.790493], [-84.820037, 14.819587], [-84.649582, 14.666805], [-84.449336, 14.621614], [-84.228342, 14.748764], [-83.975721, 14.749436], [-83.628585, 14.880074], [-83.489989, 15.016267], [-83.147219, 14.995829], [-83.233234, 14.899866], [-83.284162, 14.676624], [-83.182126, 14.310703], [-83.4125, 13.970078], [-83.519832, 13.567699], [-83.552207, 13.127054], [-83.498515, 12.869292], [-83.473323, 12.419087], [-83.626104, 12.32085], [-83.719613, 11.893124], [-83.650858, 11.629032], [-83.85547, 11.373311], [-83.808936, 11.103044], [-83.655612, 10.938764], [-83.895054, 10.726839], [-84.190179, 10.79345], [-84.355931, 10.999226], [-84.673069, 11.082657], [-84.903003, 10.952303], [-85.561852, 11.217119], [-85.71254, 11.088445]]]",,
Panama,7.6675,7.625,7.605,7.705,7.5825,7.875,10.0,10.0,10.0,0.07,0.25,0.75,2.5,4,PAN,Polygon,"[[[-77.881571, 7.223771], [-78.214936, 7.512255], [-78.429161, 8.052041], [-78.182096, 8.319182], [-78.435465, 8.387705], [-78.622121, 8.718124], [-79.120307, 8.996092], [-79.557877, 8.932375], [-79.760578, 8.584515], [-80.164481, 8.333316], [-80.382659, 8.298409], [-80.480689, 8.090308], [-80.00369, 7.547524], [-80.276671, 7.419754], [-80.421158, 7.271572], [-80.886401, 7.220541], [-81.059543, 7.817921], [-81.189716, 7.647906], [-81.519515, 7.70661], [-81.721311, 8.108963], [-82.131441, 8.175393], [-82.390934, 8.292362], [-82.820081, 8.290864], [-82.850958, 8.073823], [-82.965783, 8.225028], [-82.913176, 8.423517], [-82.829771, 8.626295], [-82.868657, 8.807266], [-82.719183, 8.925709], [-82.927155, 9.07433], [-82.932891, 9.476812], [-82.546196, 9.566135], [-82.187123, 9.207449], [-82.207586, 8.995575], [-81.808567, 8.950617], [-81.714154, 9.031955], [-81.439287, 8.786234], [-80.947302, 8.858504], [-80.521901, 9.111072], [-79.9146, 9.312765], [-79.573303, 9.61161], [-79.021192, 9.552931], [-79.05845, 9.454565], [-78.500888, 9.420459], [-78.055928, 9.24773], [-77.729514, 8.946844], [-77.353361, 8.670505], [-77.474723, 8.524286], [-77.242566, 7.935278], [-77.431108, 7.638061], [-77.753414, 7.70984], [-77.881571, 7.223771]]]",,
Papua New Guinea,8.33,8.42,7.83,8.33,8.0,8.25,9.33,9.33,10.0,0.12,0.0,0.0,1.0,1,PNG,MultiPolygon,"[[[[155.880026, -6.819997], [155.599991, -6.919991], [155.166994, -6.535931], [154.729192, -5.900828], [154.514114, -5.139118], [154.652504, -5.042431], [154.759991, -5.339984], [155.062918, -5.566792], [155.547746, -6.200655], [156.019965, -6.540014], [155.880026, -6.819997]]], [[[151.982796, -5.478063], [151.459107, -5.56028], [151.30139, -5.840728], [150.754447, -6.083763], [150.241197, -6.317754], [149.709963, -6.316513], [148.890065, -6.02604], [148.318937, -5.747142], [148.401826, -5.437756], [149.298412, -5.583742], [149.845562, -5.505503], [149.99625, -5.026101], [150.139756, -5.001348], [150.236908, -5.53222], [150.807467, -5.455842], [151.089672, -5.113693], [151.647881, -4.757074], [151.537862, -4.167807], [152.136792, -4.14879], [152.338743, -4.312966], [152.318693, -4.867661], [151.982796, -5.478063]]], [[[147.191874, -7.388024], [148.084636, -8.044108], [148.734105, -9.104664], [149.306835, -9.071436], [149.266631, -9.514406], [150.038728, -9.684318], [149.738798, -9.872937], [150.801628, -10.293687], [150.690575, -10.582713], [150.028393, -10.652476], [149.78231, -10.393267], [148.923138, -10.280923], [147.913018, -10.130441], [147.135443, -9.492444], [146.567881, -8.942555], [146.048481, -8.067414], [144.744168, -7.630128], [143.897088, -7.91533], [143.286376, -8.245491], [143.413913, -8.983069], [142.628431, -9.326821], [142.068259, -9.159596], [141.033852, -9.117893], [141.017057, -5.859022], [141.00021, -2.600151], [142.735247, -3.289153], [144.583971, -3.861418], [145.27318, -4.373738], [145.829786, -4.876498], [145.981922, -5.465609], [147.648073, -6.083659], [147.891108, -6.614015], [146.970905, -6.721657], [147.191874, -7.388024]]], [[[153.140038, -4.499983], [152.827292, -4.766427], [152.638673, -4.176127], [152.406026, -3.789743], [151.953237, -3.462062], [151.384279, -3.035422], [150.66205, -2.741486], [150.939965, -2.500002], [151.479984, -2.779985], [151.820015, -2.999972], [152.239989, -3.240009], [152.640017, -3.659983], [153.019994, -3.980015], [153.140038, -4.499983]]]]",,
Peru,7.693,7.657999999999999,7.540999999999999,7.699,7.802,7.665999999999999,9.533,9.466,9.866,0.066,0.1,1.3,3.7,10,PER,Polygon,"[[[-69.590424, -17.580012], [-69.858444, -18.092694], [-70.372572, -18.347975], [-71.37525, -17.773799], [-71.462041, -17.363488], [-73.44453, -16.359363], [-75.237883, -15.265683], [-76.009205, -14.649286], [-76.423469, -13.823187], [-76.259242, -13.535039], [-77.106192, -12.222716], [-78.092153, -10.377712], [-79.036953, -8.386568], [-79.44592, -7.930833], [-79.760578, -7.194341], [-80.537482, -6.541668], [-81.249996, -6.136834], [-80.926347, -5.690557], [-81.410943, -4.736765], [-81.09967, -4.036394], [-80.302561, -3.404856], [-80.184015, -3.821162], [-80.469295, -4.059287], [-80.442242, -4.425724], [-80.028908, -4.346091], [-79.624979, -4.454198], [-79.205289, -4.959129], [-78.639897, -4.547784], [-78.450684, -3.873097], [-77.837905, -3.003021], [-76.635394, -2.608678], [-75.544996, -1.56161], [-75.233723, -0.911417], [-75.373223, -0.152032], [-75.106625, -0.057205], [-74.441601, -0.53082], [-74.122395, -1.002833], [-73.659504, -1.260491], [-73.070392, -2.308954], [-72.325787, -2.434218], [-71.774761, -2.16979], [-71.413646, -2.342802], [-70.813476, -2.256865], [-70.047709, -2.725156], [-70.692682, -3.742872], [-70.394044, -3.766591], [-69.893635, -4.298187], [-70.794769, -4.251265], [-70.928843, -4.401591], [-71.748406, -4.593983], [-72.891928, -5.274561], [-72.964507, -5.741251], [-73.219711, -6.089189], [-73.120027, -6.629931], [-73.724487, -6.918595], [-73.723401, -7.340999], [-73.987235, -7.52383], [-73.571059, -8.424447], [-73.015383, -9.032833], [-73.226713, -9.462213], [-72.563033, -9.520194], [-72.184891, -10.053598], [-71.302412, -10.079436], [-70.481894, -9.490118], [-70.548686, -11.009147], [-70.093752, -11.123972], [-69.529678, -10.951734], [-68.66508, -12.5613], [-68.88008, -12.899729], [-68.929224, -13.602684], [-68.948887, -14.453639], [-69.339535, -14.953195], [-69.160347, -15.323974], [-69.389764, -15.660129], [-68.959635, -16.500698], [-69.590424, -17.580012]]]",,
Philippines,7.364,7.231999999999999,7.302,7.266,7.298,7.4,9.866,10.0,9.866,0.074,0.0,0.0,2.0,5,PHL,MultiPolygon,"[[[[126.376814, 8.414706], [126.478513, 7.750354], [126.537424, 7.189381], [126.196773, 6.274294], [125.831421, 7.293715], [125.363852, 6.786485], [125.683161, 6.049657], [125.396512, 5.581003], [124.219788, 6.161355], [123.93872, 6.885136], [124.243662, 7.36061], [123.610212, 7.833527], [123.296071, 7.418876], [122.825506, 7.457375], [122.085499, 6.899424], [121.919928, 7.192119], [122.312359, 8.034962], [122.942398, 8.316237], [123.487688, 8.69301], [123.841154, 8.240324], [124.60147, 8.514158], [124.764612, 8.960409], [125.471391, 8.986997], [125.412118, 9.760335], [126.222714, 9.286074], [126.306637, 8.782487], [126.376814, 8.414706]]], [[[123.982438, 10.278779], [123.623183, 9.950091], [123.309921, 9.318269], [122.995883, 9.022189], [122.380055, 9.713361], [122.586089, 9.981045], [122.837081, 10.261157], [122.947411, 10.881868], [123.49885, 10.940624], [123.337774, 10.267384], [124.077936, 11.232726], [123.982438, 10.278779]]], [[[118.504581, 9.316383], [117.174275, 8.3675], [117.664477, 9.066889], [118.386914, 9.6845], [118.987342, 10.376292], [119.511496, 11.369668], [119.689677, 10.554291], [119.029458, 10.003653], [118.504581, 9.316383]]], [[[121.883548, 11.891755], [122.483821, 11.582187], [123.120217, 11.58366], [123.100838, 11.165934], [122.637714, 10.741308], [122.00261, 10.441017], [121.967367, 10.905691], [122.03837, 11.415841], [121.883548, 11.891755]]], [[[125.502552, 12.162695], [125.783465, 11.046122], [125.011884, 11.311455], [125.032761, 10.975816], [125.277449, 10.358722], [124.801819, 10.134679], [124.760168, 10.837995], [124.459101, 10.88993], [124.302522, 11.495371], [124.891013, 11.415583], [124.87799, 11.79419], [124.266762, 12.557761], [125.227116, 12.535721], [125.502552, 12.162695]]], [[[121.527394, 13.06959], [121.26219, 12.20556], [120.833896, 12.704496], [120.323436, 13.466413], [121.180128, 13.429697], [121.527394, 13.06959]]], [[[121.321308, 18.504065], [121.937601, 18.218552], [122.246006, 18.47895], [122.336957, 18.224883], [122.174279, 17.810283], [122.515654, 17.093505], [122.252311, 16.262444], [121.662786, 15.931018], [121.50507, 15.124814], [121.728829, 14.328376], [122.258925, 14.218202], [122.701276, 14.336541], [123.950295, 13.782131], [123.855107, 13.237771], [124.181289, 12.997527], [124.077419, 12.536677], [123.298035, 13.027526], [122.928652, 13.55292], [122.671355, 13.185836], [122.03465, 13.784482], [121.126385, 13.636687], [120.628637, 13.857656], [120.679384, 14.271016], [120.991819, 14.525393], [120.693336, 14.756671], [120.564145, 14.396279], [120.070429, 14.970869], [119.920929, 15.406347], [119.883773, 16.363704], [120.286488, 16.034629], [120.390047, 17.599081], [120.715867, 18.505227], [121.321308, 18.504065]]]]",,
Rwanda,7.83,7.92,7.75,7.83,7.75,7.75,9.33,9.33,9.33,0.11,0.0,0.0,0.0,1,RWA,Polygon,"[[[30.419105, -1.134659], [30.816135, -1.698914], [30.758309, -2.28725], [30.469696, -2.413858], [29.938359, -2.348487], [29.632176, -2.917858], [29.024926, -2.839258], [29.117479, -2.292211], [29.254835, -2.21511], [29.291887, -1.620056], [29.579466, -1.341313], [29.821519, -1.443322], [30.419105, -1.134659]]]",,
Taiwan,7.5336,7.4636,7.395466666666667,7.415466666666666,7.45,7.426000000000001,9.893066666666668,9.982133333333334,9.9644,0.0810666666666666,0.0666666666666666,0.4533333333333333,0.3333333333333333,75,TWN,Polygon,"[[[121.777818, 24.394274], [121.175632, 22.790857], [120.74708, 21.970571], [120.220083, 22.814861], [120.106189, 23.556263], [120.69468, 24.538451], [121.495044, 25.295459], [121.951244, 24.997596], [121.777818, 24.394274]]]",,
Tanzania,7.571250000000001,7.42975,7.425,7.5,7.479000000000001,7.46975,10.0,10.0,10.0,0.119,0.0,0.025,4.025,40,TZA,,,,
Thailand,7.4840625,7.528125,7.4734375,7.5971875,7.5521875,7.5240625,9.9375,9.9584375,9.958125,0.0909375,0.0,0.0625,0.5,32,THA,Polygon,"[[[102.584932, 12.186595], [101.687158, 12.64574], [100.83181, 12.627085], [100.978467, 13.412722], [100.097797, 13.406856], [100.018733, 12.307001], [99.478921, 10.846367], [99.153772, 9.963061], [99.222399, 9.239255], [99.873832, 9.207862], [100.279647, 8.295153], [100.459274, 7.429573], [101.017328, 6.856869], [101.623079, 6.740622], [102.141187, 6.221636], [101.814282, 5.810808], [101.154219, 5.691384], [101.075516, 6.204867], [100.259596, 6.642825], [100.085757, 6.464489], [99.690691, 6.848213], [99.519642, 7.343454], [98.988253, 7.907993], [98.503786, 8.382305], [98.339662, 7.794512], [98.150009, 8.350007], [98.25915, 8.973923], [98.553551, 9.93296], [99.038121, 10.960546], [99.587286, 11.892763], [99.196354, 12.804748], [99.212012, 13.269294], [99.097755, 13.827503], [98.430819, 14.622028], [98.192074, 15.123703], [98.537376, 15.308497], [98.903348, 16.177824], [98.493761, 16.837836], [97.859123, 17.567946], [97.375896, 18.445438], [97.797783, 18.62708], [98.253724, 19.708203], [98.959676, 19.752981], [99.543309, 20.186598], [100.115988, 20.41785], [100.548881, 20.109238], [100.606294, 19.508344], [101.282015, 19.462585], [101.035931, 18.408928], [101.059548, 17.512497], [102.113592, 18.109102], [102.413005, 17.932782], [102.998706, 17.961695], [103.200192, 18.309632], [103.956477, 18.240954], [104.716947, 17.428859], [104.779321, 16.441865], [105.589039, 15.570316], [105.544338, 14.723934], [105.218777, 14.273212], [104.281418, 14.416743], [102.988422, 14.225721], [102.348099, 13.394247], [102.584932, 12.186595]]]",,
Uganda,7.884166666666666,7.752777777777778,7.6225,7.708611111111111,7.720000000000001,7.6625,10.0,10.0,9.363333333333332,0.1136111111111111,0.1388888888888889,0.3888888888888889,3.583333333333333,36,UGA,Polygon,"[[[31.86617, -1.02736], [30.76986, -1.01455], [30.419105, -1.134659], [29.821519, -1.443322], [29.579466, -1.341313], [29.587838, -0.587406], [29.8195, -0.2053], [29.875779, 0.59738], [30.086154, 1.062313], [30.468508, 1.583805], [30.85267, 1.849396], [31.174149, 2.204465], [30.77332, 2.33989], [30.83385, 3.50917], [31.24556, 3.7819], [31.88145, 3.55827], [32.68642, 3.79232], [33.39, 3.79], [34.005, 4.249885], [34.47913, 3.5556], [34.59607, 3.05374], [35.03599, 1.90584], [34.6721, 1.17694], [34.18, 0.515], [33.893569, 0.109814], [33.903711, -0.95], [31.86617, -1.02736]]]",,
United States,7.605977011494253,7.622528735632184,7.541609195402299,7.651609195402299,7.652413793103448,7.664137931034483,9.501379310344827,9.60896551724138,9.6432183908046,0.050919540229885,0.0,1.160919540229885,3.160919540229885,87,USA,,,,
Vietnam,7.38625,7.375,7.1975,7.3625,7.5425,7.4575,9.66625,9.91625,9.58375,0.0675,0.0,9.25,3.75,8,VNM,Polygon,"[[[108.05018, 21.55238], [106.715068, 20.696851], [105.881682, 19.75205], [105.662006, 19.058165], [106.426817, 18.004121], [107.361954, 16.697457], [108.269495, 16.079742], [108.877107, 15.276691], [109.33527, 13.426028], [109.200136, 11.666859], [108.36613, 11.008321], [107.220929, 10.364484], [106.405113, 9.53084], [105.158264, 8.59976], [104.795185, 9.241038], [105.076202, 9.918491], [104.334335, 10.486544], [105.199915, 10.88931], [106.24967, 10.961812], [105.810524, 11.567615], [107.491403, 12.337206], [107.614548, 13.535531], [107.382727, 14.202441], [107.564525, 15.202173], [107.312706, 15.908538], [106.556008, 16.604284], [105.925762, 17.485315], [105.094598, 18.666975], [103.896532, 19.265181], [104.183388, 19.624668], [104.822574, 19.886642], [104.435, 20.758733], [103.203861, 20.766562], [102.754896, 21.675137], [102.170436, 22.464753], [102.706992, 22.708795], [103.504515, 22.703757], [104.476858, 22.81915], [105.329209, 23.352063], [105.811247, 22.976892], [106.725403, 22.794268], [106.567273, 22.218205], [107.04342, 21.811899], [108.05018, 21.55238]]]",,
Zambia,7.67,7.08,7.42,7.33,7.75,7.42,10.0,10.0,10.0,0.0,0.0,1.0,3.0,1,ZMB,Polygon,"[[[32.759375, -9.230599], [33.231388, -9.676722], [33.485688, -10.525559], [33.31531, -10.79655], [33.114289, -11.607198], [33.306422, -12.435778], [32.991764, -12.783871], [32.688165, -13.712858], [33.214025, -13.97186], [30.179481, -14.796099], [30.274256, -15.507787], [29.516834, -15.644678], [28.947463, -16.043051], [28.825869, -16.389749], [28.467906, -16.4684], [27.598243, -17.290831], [27.044427, -17.938026], [26.706773, -17.961229], [26.381935, -17.846042], [25.264226, -17.73654], [25.084443, -17.661816], [25.07695, -17.578823], [24.682349, -17.353411], [24.033862, -17.295843], [23.215048, -17.523116], [22.562478, -16.898451], [21.887843, -16.08031], [21.933886, -12.898437], [24.016137, -12.911046], [23.930922, -12.565848], [24.079905, -12.191297], [23.904154, -11.722282], [24.017894, -11.237298], [23.912215, -10.926826], [24.257155, -10.951993], [24.314516, -11.262826], [24.78317, -11.238694], [25.418118, -11.330936], [25.75231, -11.784965], [26.553088, -11.92444], [27.16442, -11.608748], [27.388799, -12.132747], [28.155109, -12.272481], [28.523562, -12.698604], [28.934286, -13.248958], [29.699614, -13.257227], [29.616001, -12.178895], [29.341548, -12.360744], [28.642417, -11.971569], [28.372253, -11.793647], [28.49607, -10.789884], [28.673682, -9.605925], [28.449871, -9.164918], [28.734867, -8.526559], [29.002912, -8.407032], [30.346086, -8.238257], [30.740015, -8.340007], [31.157751, -8.594579], [31.556348, -8.762049], [32.191865, -8.930359], [32.759375, -9.230599]]]",,
